,a,c,d,e,f,g,h,i,k,l,m,n,p,q,r,s,t,v,w,y
a,17.0,-7.0,-16.0,-12.0,-15.0,-8.0,-10.0,-8.0,-10.0,-10.0,-5.0,-6.0,-10.0,-6.0,-17.0,-10.0,-12.0,-10.0,-13.0,-10.0
c,-7.0,11.0,4.0,2.0,-2.0,1.0,1.0,-3.0,2.0,-3.0,-2.0,3.0,-3.0,-6.0,-6.0,-3.0,-1.0,-5.0,-8.0,-3.0
d,-16.0,4.0,10.0,-3.0,-1.0,2.0,3.0,2.0,1.0,-3.0,-2.0,0.0,-6.0,-5.0,-2.0,5.0,-3.0,2.0,-2.0,-6.0
e,-12.0,2.0,-3.0,12.0,1.0,-3.0,1.0,6.0,0.0,1.0,-3.0,0.0,-2.0,-1.0,-4.0,-3.0,-6.0,0.0,-2.0,-2.0
f,-15.0,-2.0,-1.0,1.0,11.0,-5.0,2.0,-1.0,-3.0,-1.0,-1.0,-3.0,-1.0,3.0,0.0,0.0,-4.0,-5.0,-2.0,-1.0
g,-8.0,1.0,2.0,-3.0,-5.0,13.0,-4.0,-1.0,0.0,-5.0,-1.0,-2.0,-3.0,-4.0,0.0,-1.0,1.0,-1.0,-3.0,-4.0
h,-10.0,1.0,3.0,1.0,2.0,-4.0,11.0,2.0,-1.0,-4.0,1.0,3.0,-3.0,4.0,-8.0,-2.0,-6.0,-4.0,-5.0,0.0
i,-8.0,-3.0,2.0,6.0,-1.0,-1.0,2.0,12.0,-3.0,-3.0,0.0,-1.0,-1.0,5.0,2.0,2.0,-4.0,-3.0,-4.0,-8.0
k,-10.0,2.0,1.0,0.0,-3.0,0.0,-1.0,-3.0,10.0,-5.0,0.0,4.0,-3.0,-1.0,-1.0,-3.0,1.0,-1.0,0.0,-1.0
l,-10.0,-3.0,-3.0,1.0,-1.0,-5.0,-4.0,-3.0,-5.0,15.0,-5.0,0.0,-5.0,6.0,-4.0,0.0,-9.0,-5.0,-1.0,-1.0
m,-5.0,-2.0,-2.0,-3.0,-1.0,-1.0,1.0,0.0,0.0,-5.0,11.0,-2.0,-1.0,3.0,0.0,-1.0,-3.0,-3.0,2.0,-3.0
n,-6.0,3.0,0.0,0.0,-3.0,-2.0,3.0,-1.0,4.0,0.0,-2.0,10.0,-4.0,3.0,-3.0,-1.0,0.0,-3.0,-2.0,-5.0
p,-10.0,-3.0,-6.0,-2.0,-1.0,-3.0,-3.0,-1.0,-3.0,-5.0,-1.0,-4.0,11.0,-7.0,5.0,1.0,0.0,-3.0,-2.0,-1.0
q,-6.0,-6.0,-5.0,-1.0,3.0,-4.0,4.0,5.0,-1.0,6.0,3.0,3.0,-7.0,12.0,1.0,-6.0,-3.0,-4.0,-6.0,-3.0
r,-17.0,-6.0,-2.0,-4.0,0.0,0.0,-8.0,2.0,-1.0,-4.0,0.0,-3.0,5.0,1.0,14.0,-4.0,-4.0,-5.0,-1.0,-2.0
s,-10.0,-3.0,5.0,-3.0,0.0,-1.0,-2.0,2.0,-3.0,0.0,-1.0,-1.0,1.0,-6.0,-4.0,10.0,-4.0,-3.0,0.0,-2.0
t,-12.0,-1.0,-3.0,-6.0,-4.0,1.0,-6.0,-4.0,1.0,-9.0,-3.0,0.0,0.0,-3.0,-4.0,-4.0,11.0,-1.0,-2.0,2.0
v,-10.0,-5.0,2.0,0.0,-5.0,-1.0,-4.0,-3.0,-1.0,-5.0,-3.0,-3.0,-3.0,-4.0,-5.0,-3.0,-1.0,10.0,-3.0,-5.0
w,-13.0,-8.0,-2.0,-2.0,-2.0,-3.0,-5.0,-4.0,0.0,-1.0,2.0,-2.0,-2.0,-6.0,-1.0,0.0,-2.0,-3.0,10.0,-2.0
y,-10.0,-3.0,-6.0,-2.0,-1.0,-4.0,0.0,-8.0,-1.0,-1.0,-3.0,-5.0,-1.0,-3.0,-2.0,-2.0,2.0,-5.0,-2.0,10.0
