Amino Acid,Fitness
GREEDQNSCHTKTFLLIFPVAALYCAQCMAGCFCNLRLYGTYRGYDKGKKG,27
RREEDEDHQKGHGTSALPSLALSHHVALASGERAHPIVHHPSIPTQTCGKSPHRKRKRT,27
RRRDDSQSNSSTAVWNGIVAFCFRFDRIGRHSRFVNVILNLRPAGESNIHRRQ,20
RIEEHGDHQKGHAKRSGLIIQPISGLLNSSLLPPYANFDLERLRREKRKKRHNKKSK,24
RRRDDSDCSNGSTMVAGAVDILLGSGVVELLSVKNLGTEPAVRREKKKKRHRK,26
RRRYDSDTCSNSSTTVLGAVLNGDSIRVGPVWAVALPTVNAFTAEKKKKRHRKRKRK,31
RRRDDSDCSNGSTRFGVARPLCYNGTAVDRIGVYLSGRHHANGKVPEKEKQRKRQ,25
RRRDDSDCSNGSTTFPRPKILAISVTMVPVCLPGNTVIRIVAAGQKKKRHRKRKR,28
RRRDDSDCSNGSTTILQIFGVARLDKAPFDRHLSLHLIHTLRRVKENIILSRQ,15
RREEDEDHQNSGSTNGGVLPLLVKCCCVLYGLLLFLIIIQFMRREKKKKRQRQKR,39
